Caption	Image_Id
<start> a woman reading a book to a child with a teddy bear on the bed <end>	000000465269
<start> a grocery store filled with lots of fresh fruits and vegetables <end>	000000465285
<start> a number of fruits and vegetables in baskets <end>	000000465285
<start> a bunch of <unk> fruits and vegetables on display at a store <end>	000000465285
<start> there are bananas and other fruits and vegetables <end>	000000465285
<start> the fruit stand has a lot of <unk> like bananas <end>	000000465285
<start> a table topped with bunches of ripe bananas <end>	000000465294
<start> bunches of very ripe bananas sit on a <unk> table <end>	000000465294
<start> many plates of bananas and plantains set up for sale <end>	000000465294
<start> many ripe and <unk> bananas in plates at a market <end>	000000465294
<start> red bowls of ripe bananas sit on a yellow <unk> <end>	000000465294
<start> a living room with a table surrounded by chairs <end>	000000465301
<start> this is a nice living area of a small apartment <end>	000000465301
<start> the dining table and chairs were in the kitchen near the stove <end>	000000465301
<start> a table with chairs in front of a window <end>	000000465301
<start> a view of a kitchen from the living room <end>	000000465301
<start> a bowl <unk> soup sitting on top of a wooden table <end>	000000465302
<start> a meal of a sandwich and soup sits on a wooden table <end>	000000465302
<start> a bowl of soup and a hamburger on a table <end>	000000465302
<start> a burger on a plate next to a cup of hot chocolate or coffee <end>	000000465302
<start> some kind of soup and a sandwich on a picnic table <end>	000000465302
<start> a tall red building with a clock on the wall and an advertising for <unk> <unk> <end>	000000465309
<start> an unusual wall clock on the side of a pub in <unk> <end>	000000465309
<start> a clock that is on the side of a building <end>	000000465309
<start> a very large red building with words on the outside <end>	000000465309
<start> a building with a clock and painting on its side <end>	000000465309
<start> a person taking a photo on the mirror of a bus <end>	000000465321
<start> a woman taking a picture of a mirror on a school bus <end>	000000465321
<start> a girl is taking a picture of a school bus in a mirror <end>	000000465321
<start> a girl is taking a picture of a bus mirror <end>	000000465321
<start> a person taking a picture in the side mirror of a bus <end>	000000465321
<start> a woman in a bikini riding a wave on a surfboard <end>	000000465333
<start> woman on a surfboard riding on top of a wave <end>	000000465333
<start> a woman is riding the waves on a surfboard <end>	000000465333
<start> a woman in a bikini is surfing in the ocean <end>	000000465333
<start> a girl that is surfing in the ocean <end>	000000465333
<start> a dog and his owner playing ball on the beach <end>	000000465335
<start> a dog with a ball running along the edge of the ocean at the beach <end>	000000465335
<start> a dog running on the beach with a ball in his mouth <end>	000000465335
<start> a dog is running on the beach with a ball in its mouth <end>	000000465335
<start> this dog <unk> to retrieve a ball from the surf <end>	000000465335
<start> two polar bears standing next to each other in the snow <end>	000000465347
<start> two polar bears interacting on a pile of snow <end>	000000465347
<start> two polar bears in the snow surrounded by trees <end>	000000465347
<start> one polar bear standing on its hind legs in front of a second polar bear <end>	000000465347
<start> two polar bears in the snow with trees near by <end>	000000465347
<start> a young girl plays with her kite in a park <end>	000000465351
<start> a little kid that is playing with a kite <end>	000000465351
<start> a young child in a field with a kite <end>	000000465351
<start> a little child flying a kite above a lush green field <end>	000000465351
<start> a child flying a kite in an open field boarders by the woods <end>	000000465351
<start> there is a building with green umbrellas and people walking outside <end>	000000465353
<start> a four wheeler parked with a mountain in the background <end>	000000465353
<start> a group of people walking outside a building with various green umbrellas <end>	000000465353
<start> a fat man walking with no shirt on <end>	000000465353
<start> green umbrella shade customers outside a restaurant in the mountains <end>	000000465353
<start> two people on skis standing on a snowy slope <end>	000000465354
<start> two people wearing skis standing on a snow bank <end>	000000465354
<start> people are on a mountain on skis with poles <end>	000000465354
<start> a couple of skiers talking and laughing on the slopes <end>	000000465354
<start> a man and woman are standing close with skis on <end>	000000465354
<start> a table with breakfast pastries and coffee on it <end>	000000465359
<start> breakfast pastries and coffee in a hotel room <end>	000000465359
<start> breakfast of coffee and pastries sits on the table <end>	000000465359
<start> a breakfast of baked goods and coffee and lemon water is in the hotel bedroom awaiting the guests <end>	000000465359
<start> rolls are wrapped in a napkin on a bedroom table <end>	000000465359
<start> a woman catches a frisbee in the park <end>	000000465360
<start> an older woman catching a green frisbee outside <end>	000000465360
<start> a woman with a glasses playing a game outdoors <end>	000000465360
<start> there is a woman holding up her hands to catch a frisbee <end>	000000465360
<start> a woman catching a frisbee in a park <end>	000000465360
<start> a car is sitting on the side of the road out side <end>	000000465369
<start> a blue car parked in front of a building near a taller building <end>	000000465369
<start> a city street that has two parked cars on the side of the street and a person skateboarding on the sidewalk <end>	000000465369
<start> a corner of a city street with people jumping and riding skateboards <end>	000000465369
<start> a blue car and a tan car parked parallel alongside a building <end>	000000465369
<start> a white refrigerator freezer sitting next to a stone wall <end>	000000465374
<start> a cluttered kitchen with a fridge and lots of pots and pans <end>	000000465374
<start> a kitchen that has a hanging rack and a refrigerator <end>	000000465374
<start> a room with a refrigerator and frying pans <end>	000000465374
<start> an old looking kitchen with a fridge and some items on it <end>	000000465374
<start> a group of pictures taken of dinner at a restaurant <end>	000000465375
<start> a series of photographs about dinner at a skyscraper restaurant <end>	000000465375
<start> a variety of pictures including food and beverages <end>	000000465375
<start> six photos looks as if from holiday trip sunset two girls <unk> shrimp serving too dark to tell bottom two photos <end>	000000465375
<start> a collage shows a sunset girls and various dinner plates <end>	000000465375
<start> airport <unk> move towards a large airplane on a runway <end>	000000465395
<start> a propeller airplane taxiing at an airport <unk> a crew member stands nearby <end>	000000465395
<start> a large airplane is sitting on the runway at an airport <end>	000000465395
<start> an airplane with propellers turning in an airport <end>	000000465395
<start> a worker in yellow reflective clothing directing an airplane <end>	000000465395
<start> a long <unk> bird perched on a plank of wood <end>	000000465407
<start> a bird with a long bill stands in a puddle of water by some foliage <end>	000000465407
<start> a <unk> walking on a stream of water next to green plants <end>	000000465407
<start> a bird on the ground perched by a small pool of water <end>	000000465407
<start> a fluffy bird standing next to a small stream <end>	000000465407
<start> a woman standing on a tennis court holding a racquet <end>	000000465412
<start> athlete preparing to return ball during tennis game <end>	000000465412
<start> a woman reaching up so she can hit a tennis ball <end>	000000465412
<start> a person that is holding a racquet in their hand and playing tennis <end>	000000465412
<start> the female tennis player is going for a very high serve <end>	000000465412
<start> cat resting comfortably on the dashboard of car <end>	000000465414
<start> a cat lays down on the dash of a car <end>	000000465414
<start> a cat is sleeping on a car dash board <end>	000000465414
<start> a cat laying on a car dashboard under the windshield <end>	000000465414
<start> a cat laying across the dashboard of a car <end>	000000465414
<start> a boat floating on top of a wave in a body of water <end>	000000465416
<start> a boat is in the water near a country town <end>	000000465416
<start> a large boat carrying people on the water <end>	000000465416
<start> a boat with passengers sailing in a body of water <end>	000000465416
<start> a small boat filled with people heading off in the water <end>	000000465416
<start> this is a sandwich on a plate on a table <end>	000000465441
<start> a toy is within food on a table <end>	000000465441
<start> there is a toy inside of the sandwich <end>	000000465441
<start> a sandwich with a pirate <unk> is on a plate <end>	000000465441
<start> a half eaten sandwich on a plate with a pirate face sticking out <end>	000000465441
<start> a big bowl of food with some bananas beside it <end>	000000465457
<start> there is a bowl with many ingredients in and around it <end>	000000465457
<start> a bowl sitting on a counter with ingredients for cooking in it and laying around it <end>	000000465457
<start> a bowl of ingredients sits on a table <end>	000000465457
<start> a bowl of ingredients including diced bananas and a measuring bowl of milk beside it <end>	000000465457
<start> a plate with a fork and sandwich containing a tomato and meat <end>	000000465465
<start> a dish with a fork a side and a sandwich that has meat a tomato and other ingredients <end>	000000465465
<start> a white plate topped with a sandwich and a fork <end>	000000465465
<start> a fork lays on a white plate next to a sandwich <end>	000000465465
<start> a healthy sandwich with meat and tomato and avocado <end>	000000465465
<start> a woman with a red apron standing in the kitchen and using a <unk> <end>	000000465466
<start> a smiling woman <unk> food in the kitchen <end>	000000465466
<start> a woman is <unk> a piece of cheese with a <unk> <end>	000000465466
<start> a girl is working on putting food together <end>	000000465466
<start> a woman preparing food in a kitchen on a counter <end>	000000465466
<start> two zebras are eating plants in a field <end>	000000465467
<start> a couple of zebra standing next to each other <end>	000000465467
<start> a black and white picture of two zebra <end>	000000465467
<start> a group of zebras mill about in the high grass <end>	000000465467
<start> two zebras are standing in a grassy field <end>	000000465467
<start> two men who are jumping trying to catch a frisbee <end>	000000465468
<start> two boys jumping at the same time to catch a frisbee <end>	000000465468
<start> some men are playing outside with a frisbee <end>	000000465468
<start> two men fighting over a frisbee in a field <end>	000000465468
<start> two people jump up next to each other as they grab at a frisbee <end>	000000465468
<start> a group of children standing around a woman <end>	000000465476
<start> an old photo of a woman showing little kids how to brush their teeth <end>	000000465476
<start> a woman standing near a fence with several children gathered around her <end>	000000465476
<start> an old black and white photograph of a woman and children <end>	000000465476
<start> a woman and some children eating and a fence <end>	000000465476
<start> a very close up and strange image of a very lush green item <end>	000000465478
<start> a large green plant with leaves and <unk> flowers <end>	000000465478
<start> greens with various <unk> sit together in a pile <end>	000000465478
<start> a close up picture of green <unk> and their leaves <end>	000000465478
<start> a picture of green leaves and flowers while outside <end>	000000465478
<start> a large orange cat sitting in front of a window <end>	000000465495
<start> an orange cat sitting in a window on a pillow <end>	000000465495
<start> a cat sits on a <unk> cushion on a windowsill <end>	000000465495
<start> a cat sitting on a soft surface near by an window <end>	000000465495
<start> an orange cat sits on a soft platform beside a window <end>	000000465495
<start> a woman is running while carrying an umbrella <end>	000000465507
<start> the woman is running with a red umbrella on the road <end>	000000465507
<start> a woman walking on a brick sidewalk holding an orange umbrella <end>	000000465507
<start> a woman walks down a city street as she holds a red umbrella <end>	000000465507
<start> a woman runs down the street with an umbrella to keep the <unk> off of her <end>	000000465507
<start> a skateboarder is doing a flip in a large cement courtyard <end>	000000465508
<start> black and white photo of man and woman watching a boy on a skateboard <end>	000000465508
<start> people watch as a man performs tricks on a skateboard <end>	000000465508
<start> a skateboarder performs a trick as onlookers watch <end>	000000465508
<start> a couple is watching a man do tricks on a skateboard <end>	000000465508
<start> a person in a jacket riding a motorcycle on a road <end>	000000465524
<start> a person riding a motorcycle on a city street <end>	000000465524
<start> a man wearing a jacket and helmet riding a motorcycle down a street <end>	000000465524
<start> a view of a person riding a motorcycle from behind the bike <end>	000000465524
<start> the biker is riding down the street wearing a helmet <end>	000000465524
<start> a man on a cell phone in the seat of a vehicle <end>	000000465529
<start> a man in his truck talking on a radio while looking at his phone <end>	000000465529
<start> a man in a car is looking at his phone <end>	000000465529
<start> a person in the driver's seat of a vehicle looking at a cell phone <end>	000000465529
<start> a woman using a cell phone while driving a truck <end>	000000465529
<start> a stylish wooden christmas tree stand displays several ornaments <end>	000000465530
<start> a christmas tree shaped stack of wood with ornaments sitting on the protruding places in the design <end>	000000465530
<start> a tree made of wooden <unk> and decorated with teddy bears <end>	000000465530
<start> a wooden shelf shaped like a christmas tree <end>	000000465530
<start> the christmas tree is made of shelves of wood <end>	000000465530
<start> a large white propeller airplane sitting on top of a field of green grass <end>	000000465554
<start> a white airplane sits on grass near a road <end>	000000465554
<start> large four prop airplane on display at a museum <end>	000000465554
<start> an airplane is parked on the grass outside <end>	000000465554
<start> a large aircraft is sitting in a field <end>	000000465554
<start> a four propeller airplane sits as a display on side of road <end>	000000465554
<start> a family of bears crossing a mountain road <end>	000000465559
<start> some big and little bears walking across the street <end>	000000465559
<start> four bears are crossing a road next to some woods <end>	000000465559
<start> an adult bear and three babies cross a road <end>	000000465559
<start> group of bears walking across a road from a forrest <end>	000000465559
<start> a man in yellow vest holding up a stop sign <end>	000000465575
<start> a man in a safety vest holding a stop sign <end>	000000465575
<start> the crossing guard is holding up a stop sign <end>	000000465575
<start> a man with a stop sign on a street <end>	000000465575
<start> a man wearing safety gear holding up a stop sign at a street crossing <end>	000000465575
<start> a white clock on a post and a tree and some buildings <end>	000000465579
<start> a white clock on top of a white street pole <end>	000000465579
<start> a clock on a long white pole outside <end>	000000465579
<start> a very tall clock in front of a tree <end>	000000465579
<start> a lamppost clock by a tree in a residential area <end>	000000465579
<start> three men are in a kitchen cooking and cutting through a dish <end>	000000465595
<start> a man uses a knife to slice food for serving <end>	000000465595
<start> three men in a kitchen preparing a dish <end>	000000465595
<start> several men in the kitchen with one cutting a piece of meat <end>	000000465595
<start> a man cutting up food sitting on top of a white plate <end>	000000465595
<start> birds are sitting on top of the wires <end>	000000465603
<start> two birds on electrical wires and one bird flying <end>	000000465603
<start> two birds standing on telephone wires a third bird flying <end>	000000465603
<start> three <unk> of birds landing and sitting on wires <end>	000000465603
<start> black and white photograph of birds and overhead wires <end>	000000465603
<start> a woman is taking her surf board out to the sea <end>	000000465605
<start> a girl holding a surfboard and carrying her board over the waves <end>	000000465605
<start> a girl holds a surfboard and walking to the ocean <end>	000000465605
<start> a women who is holding a surfboard in the ocean <end>	000000465605
<start> young girl with surfboard getting ready to go over a wave <end>	000000465605
<start> a woman holding a large sheet cake while standing next to a table <end>	000000465610
<start> there is a woman holding a cake next to a table <end>	000000465610
<start> a woman sitting with great <unk> as a cake is beside her <end>	000000465610
<start> a group of people having a party a woman holding a cake <end>	000000465610
<start> an older lady sitting at a table and a woman standing beside her and holding a cake with an older man standing on the side <end>	000000465610
<start> a boy using a laptop while sitting in a car <end>	000000465613
<start> young boy sitting in a car using a laptop computer <end>	000000465613
<start> a young boy working on an open laptop <end>	000000465613
<start> a boy in a car on a laptop <end>	000000465613
<start> a little boy is playing on a laptop in the car while a little girl watches <end>	000000465613
<start> a train on a train track with a sky background <end>	000000465618
<start> a large train on a track near a road <end>	000000465618
<start> a train traveling down train tracks next to a road <end>	000000465618
<start> two train engines ready to leave the station <end>	000000465618
<start> a big yellow train travelling by a road <end>	000000465618
<start> closeup of remote and bowls with a television in the background <end>	000000465625
<start> a remote control is sitting next to two bowls near a television <end>	000000465625
<start> the dinner is done and the television show is on <end>	000000465625
<start> watching a movie on tv and enjoying a beer too <end>	000000465625
<start> a man on a screen behind a beer bottle <end>	000000465625
<start> a group of people walking along a river <end>	000000465638
<start> a group of people standing in muddy water <end>	000000465638
<start> <unk> scene in south asia with people standing in flood water <end>	000000465638
<start> a group of people walk in some <unk> high water <end>	000000465638
<start> people crowd a flooded area with boats and construction vehicles <end>	000000465638
<start> a group of four horses standing on a lush green hillside <end>	000000465647
<start> three brown horses grazing and one black horse in a meadow <end>	000000465647
<start> four horses grazing on the grass near the woods <end>	000000465647
<start> the four horse have stopped in the middle of the pasture <end>	000000465647
<start> three horses grazing in a field and a black horse looking around <end>	000000465647
<start> a man is lying on a couch with a remote <end>	000000465670
<start> a man laying on a couch holding a gaming controller <end>	000000465670
<start> a man is laying on a couch and holding a remote control <end>	000000465670
<start> a man laying on top of a couch holding a game controller <end>	000000465670
<start> man laying on a brown couch holding a wii controller <end>	000000465670
<start> an elephant painting on a canvas near a person <end>	000000465676
<start> an elephant is painting a picture with his trunk <end>	000000465676
<start> an elephant painting while a man is in front of the easel <end>	000000465676
<start> an elephant is painting a picture with a person behind it <end>	000000465676
<start> an elephant using its trunk to paint art with a brush <end>	000000465676
<start> a young man skiing near a stairway near a beach <end>	000000465677
<start> a man skate boarding on his skateboard in the park <end>	000000465677
<start> a guy preforming skate board trick in mid air <end>	000000465677
<start> a man flying through the air on top of a skateboard <end>	000000465677
<start> a skateboarder performs a maneuver in a park like area <end>	000000465677
<start> a man is crouched down by a big elephant <end>	000000465683
<start> a man is kneeling in front of a large elephant <end>	000000465683
<start> a man <unk> in front of a large elephant <end>	000000465683
<start> an elephant with a baby standing in the field <end>	000000465683
<start> a man squatting in the grass next to a elephant <end>	000000465683
<start> young woman and baby are looking at the giraffes at the zoo <end>	000000465693
<start> a woman and a child are watching giraffes <end>	000000465693
<start> a woman and a child looking at giraffes as one looks at the camera <end>	000000465693
<start> a mother and her baby watch a group of giraffes in a zoo enclosure <end>	000000465693
<start> a woman sitting next to a little girl in front of giraffe <end>	000000465693
<start> a grey tabby cat sits inside a red suitcase on a bed <end>	000000465695
<start> a gray cat is sitting in an empty red suitcase <end>	000000465695
<start> a cat inside of a lunch box type suitcase <end>	000000465695
<start> a close up of a cat laying in a red suitcase <end>	000000465695
<start> a cat is laying inside of a red cooler lunch box <end>	000000465695
<start> a black bear is pulling papers out of a suspended cage <end>	000000465697
<start> the bear is trying to get a hold of the trash <end>	000000465697
<start> bear attempting to get trash out of a wire basket suspended from a tree <end>	000000465697
<start> a brown bear digging through trash next to a green plant <end>	000000465697
<start> a black bear is trying to get something out of the small cage <end>	000000465697
<start> <unk> light planes flying in tight formation in overcast sky <end>	000000465701
<start> a number of plates flying in an aircraft show <end>	000000465701
<start> <unk> twin engine planes flying in cloudy skies <end>	000000465701
<start> a group of airplanes flying together through a cloudy sky <end>	000000465701
<start> there are many planes flying in the sky all together <end>	000000465701
<start> a man <unk> runs to base as he laughs <end>	000000465702
<start> a baseball player running around the bases and do other baseball players with their heads down <end>	000000465702
<start> a baseball player running on the field to a base <end>	000000465702
<start> two baseball players are on a baseball field <end>	000000465702
<start> a base ball player running towards a base during a baseball game <end>	000000465702
<start> a group of horses standing <unk> in the desert next to a mountain <end>	000000465723
<start> there are many wild horses nest to a small mountain <end>	000000465723
<start> very many brown horses near a mountain grazing <end>	000000465723
<start> a group of cows that are standing by a hill <end>	000000465723
<start> a herd of horses walking past a short brown hill <end>	000000465723
<start> a pretty young lady hiding inside of a refrigerator <end>	000000465734
<start> a woman sitting in a white fridge <end>	000000465734
<start> a woman is sitting inside of a refrigerator with the door open <end>	000000465734
<start> a woman is sitting inside an open refrigerator <end>	000000465734
<start> woman in a dress sitting inside a refrigerator <end>	000000465734
<start> a man riding skis down a snow covered slope <end>	000000465740
<start> a man skiing on a snowy hill somewhere <end>	000000465740
<start> a person in the snow on some skis <end>	000000465740
<start> a person with a backpack standing on skis on a mountain trail <end>	000000465740
<start> a man on skis standing at the base of a mountain <end>	000000465740
<start> a water plane gets ready for take off <end>	000000465744
<start> a plane sitting in the middle of a dock waiting to take off <end>	000000465744
<start> a <unk> on the water with a large body of water in the background <end>	000000465744
<start> a small plane takes off over the water <end>	000000465744
<start> a water plane <unk> the water <unk> from the shore <end>	000000465744
<start> a man kneeling down before a parked car to <unk> it as his <unk> <end>	000000465759
<start> a man wearing a fedora hat squatting taking a picture of a car <end>	000000465759
<start> a man taking a picture of a car <end>	000000465759
<start> man squatting taking photo of car on dirt roadway <end>	000000465759
<start> <unk> black and white photo of a person kneeling down <end>	000000465759
<start> three snowboarders travel down the side of a snowy hill <end>	000000465765
<start> three men snowboarding down slope with trees in the background <end>	000000465765
<start> a group of snowboarders sliding down a snowy mountain <end>	000000465765
<start> three young people snowboard down a snowy slope <end>	000000465765
<start> three people are enjoying a day of skiing during the winter <end>	000000465765
<start> a herd of giraffe walking along a river next to a baby elephant <end>	000000465776
<start> giraffes and an elephant in a field near the water <end>	000000465776
<start> a variety of animals are walking freely in the brush <end>	000000465776
<start> the giraffes are walking close to the water <end>	000000465776
<start> a giraffe with a baby and another giraffe looking on from one side of a steam and an elephant on the other side <end>	000000465776
<start> a person reaches down to pet a cat on a <unk> rug <end>	000000465779
<start> a person leaning down to pet a cat on the floor <end>	000000465779
<start> a cat is laying under some peoples feet <end>	000000465779
<start> a person standing over and reaching down to a cat that is laying on a carpet on the floor <end>	000000465779
<start> a woman pets a cat lying down on the floor <end>	000000465779
<start> a large clock on a pole on the street <end>	000000465780
<start> a clock tower sitting in front of a building <end>	000000465780
<start> a very big fancy clock by a building <end>	000000465780
<start> a post with a clock on it is in front of a historic building for sale <end>	000000465780
<start> the clock is on the side of the building <end>	000000465780
<start> a cat that is laying down in front of a mirror <end>	000000465784
<start> cat laying in front of mirrors with candles by it looking at self <end>	000000465784
<start> a cat sitting on the floor looking at itself in a mirror <end>	000000465784
<start> a cat laying down and looking into a three panel mirror with two lighted candles <end>	000000465784
<start> a cat laying on the ground in front of a mirror <end>	000000465784
<start> a white toilet sitting next to a sink near a shower <end>	000000465786
<start> a bathroom view of a toilet and a sink <end>	000000465786
<start> a bathroom with a corner toilet and a sink <end>	000000465786
<start> a view of a sink and commode in a bathroom <end>	000000465786
<start> a toilet a sink and a shower in a small bathroom <end>	000000465786
<start> a man standing on top of a bike seat as he rides it down a street <end>	000000465813
<start> a man is performing tricks on a bicycle <end>	000000465813
<start> the bicyclist is doing a trick on his black bike <end>	000000465813
<start> a person on a bicycle doing a trick <end>	000000465813
<start> a man doing a bicycle trick among other bicyclists <end>	000000465813
<start> a person that is taking a picture of a train <end>	000000465814
<start> the man in the orange hat is taking a picture of the train <end>	000000465814
<start> a person with an orange beanie taking a picture of a gray train <end>	000000465814
<start> a person taking a picture of a train coming in to a station <end>	000000465814
<start> a man standing at a train station waiting for the train to come in <end>	000000465814
<start> a small adorable dog wearing sun glasses on top of snow <end>	000000465819
<start> a dog wearing glasses and a hat is pictured near a motorcycle <end>	000000465819
<start> a dog wearing sunglasses and a hat sitting on a motorcycle <end>	000000465819
<start> a black dog in sunglasses on a motorcycle <end>	000000465819
<start> a pug dog looking cool with a leather hat and jacket with some white goggles by a bike <end>	000000465819
<start> a girl with a bun is sitting on a scooter type motorcycle <end>	000000465824
<start> a person sitting on a scooter on a city street <end>	000000465824
<start> a woman in a dress writing a pink and white moped <end>	000000465824
<start> a woman on top of a pink and white <unk> motorcycle <end>	000000465824
<start> a lady is sitting on a scooter that is fashioned in <unk> <unk> <end>	000000465824
<start> multiple computers turned on top of a wood desk <end>	000000465825
<start> four <unk> computers sitting at a work station <end>	000000465825
<start> a wood table with four computers and pen and paper <end>	000000465825
<start> a group of computers all sitting on a desk <end>	000000465825
<start> three computers sit on a desk with papers and a computer mouse <end>	000000465825
<start> a black and red train engine with train cars behind it <end>	000000465826
<start> a big pretty train with a big cloud of smoke on top <end>	000000465826
<start> train on tracks in rural setting on partially cloudy day <end>	000000465826
<start> a steam train is driving through a grassy area <end>	000000465826
<start> a train pumps out steam while going down a track on a cloudy day <end>	000000465826
<start> a smiling guy at a table with some drinks and food <end>	000000465829
<start> a man smiling at the camera with donuts on a plate in front of him <end>	000000465829
<start> a guy getting ready to eat doughnuts and drink a beverage <end>	000000465829
<start> a person at a table with a plate of doughnuts <end>	000000465829
<start> a young smiling at a table of coffee donuts and milk <end>	000000465829
<start> the wedding cake was vanilla cake with white icing <end>	000000465838
<start> a plate has a piece of cake and a fork on it <end>	000000465838
<start> a half eating slice of cake and a fork on a plate <end>	000000465838
<start> a fork rests on the plate with a slice of cake <end>	000000465838
<start> partially eaten cake on a plate with a fork on a table <end>	000000465838
<start> a wooden table topped with plates of food <end>	000000465844
<start> a table has a glass of water as well as different foods <end>	000000465844
<start> some toast with cherry tomatoes a bowl of cereal and water in a cup <end>	000000465844
<start> foods are on plates and in bowls on the table <end>	000000465844
<start> a plate with some little tomatoes sitting on some other food <end>	000000465844
<start> a street sign on top of a stop sign <end>	000000465853
<start> a street sign on <unk> avenue in <unk> <unk> <end>	000000465853
<start> a street sign and a traffic sign with stickers on the back of it <end>	000000465853
<start> a stop sign has been adorned with a collection of stickers <end>	000000465853
<start> a street sign is located above a stop sign that is decorated with stickers <end>	000000465853
<start> a man holding a child in front of a small giraffe <end>	000000465854
<start> a man holds a young boy while looking at a young giraffe <end>	000000465854
<start> a man and little boy are looking at a giraffe <end>	000000465854
<start> a man holding a child with a giraffe nearby <end>	000000465854
<start> father and son watching a <unk> at the zoo <end>	000000465854
<start> a man water skiing in the beautiful ocean <end>	000000465855
<start> a para glider can be seen in the water <end>	000000465855
<start> person being pulled over water by something high up connected to strings and a harness he is holding <end>	000000465855
<start> a man riding a kite board on top of a body of water <end>	000000465855
<start> a person that is hooked up to a kite <end>	000000465855
<start> traffic lights hang above train tracks at night <end>	000000465856
<start> night time at a railroad crossing yellow red and green lights shown above <end>	000000465856
<start> the colorful lights are <unk> the darkened street <end>	000000465856
<start> a row of traffic lights above a street at night <end>	000000465856
<start> a series of traffic lights is on the poles over the road <end>	000000465856
<start> several slices of fresh topped pizza are stacked high on a plate <end>	000000465859
<start> a pepperoni and <unk> pizza has been cut into several small pieces <end>	000000465859
<start> the plate is piled up with pizza slices <end>	000000465859
<start> very many pizza pieces placed on a white plate <end>	000000465859
<start> a white plate topped with slices of pizza <end>	000000465859
<start> a bathroom with a toilet and bathtub and handheld shower <end>	000000465874
<start> a white toilet and shower in a bathroom <end>	000000465874
<start> a white themed bathroom and a bathtub with tiled walls <end>	000000465874
<start> narrow bathroom featuring a large tiled shower with glass door <end>	000000465874
<start> this bathroom has a tile shower wall and glass doors <end>	000000465874
<start> a group of trains parked next to each other <end>	000000465892
<start> several trains are at the train yard outside the city <end>	000000465892
<start> several trains are stationary in a train yard <end>	000000465892
<start> five trains are parked in the small rail yard as another passes <end>	000000465892
<start> three trains that are parked next to each other on the tracks <end>	000000465892
<start> a white toilet with a brown wooden toilet seat <end>	000000465906
<start> a toilet bowl with a wooden seat and a water hose <end>	000000465906
<start> the seat of the toilet is made out of a dark wood <end>	000000465906
<start> a toilet that has some sort of spray device hooked up to it <end>	000000465906
<start> a toilet with a wooden finish to the rim <end>	000000465906
<start> a family sitting around a table eating lots of food <end>	000000465922
<start> a group of people sitting at a dining table having dinner <end>	000000465922
<start> a number of people sitting on a table in a kitchen <end>	000000465922
<start> the family is enjoying their family dinner together <end>	000000465922
<start> three men and a woman setting at a table eating a meal in a home <end>	000000465922
<start> closeup of an open microwave with <unk> paint <end>	000000465926
<start> a microwave with the door open showing that the paint has come off the inside <end>	000000465926
<start> a close up of a container with paint chips <end>	000000465926
<start> a white rusty microwave has it's door open <end>	000000465926
<start> a microwave sitting on a stand with its door open <end>	000000465926
<start> a person falling off of a surfboard in white area of high wave of water <end>	000000465936
<start> a person is mid air while falling off a surfboard an a large wave <end>	000000465936
<start> a <unk> falls off his surfboard and is diving into the water in front of a giant wave <end>	000000465936
<start> this man is trying to <unk> ride this wave <end>	000000465936
<start> a man falling of a surfboard on a big wave <end>	000000465936
<start> a man reading a newspaper while on a train next to bicycles <end>	000000465940
<start> a person and bikes on a mass transit vehicle <end>	000000465940
<start> a boy with two bicycles reading a newspaper <end>	000000465940
<start> a curly haired young man is reading the newspaper on the train <end>	000000465940
<start> there is a man is standing reading the newspaper <end>	000000465940
<start> a professional baseball player looks at the ball he is carrying <end>	000000465941
<start> a man holding a baseball at the pitch <end>	000000465941
<start> a man in white uniform holding a baseball and mitt <end>	000000465941
<start> baseball player examines the ball in his hand <end>	000000465941
<start> an <unk> baseball player inspects a white ball <end>	000000465941
<start> a man talking on a phone while sitting down <end>	000000465942
<start> a man speaking with someone on a cell phone <end>	000000465942
<start> a man holding a cell phone and talking <end>	000000465942
<start> a man intently is talking on his cell phone <end>	000000465942
<start> a close up of a person talking on a cell phone <end>	000000465942
<start> a person holding a pizza with condiments nearby <end>	000000465945
<start> a man holding a pizza above a table filled with bowls food <end>	000000465945
<start> a person placing topping on a pizza in hand <end>	000000465945
<start> the person is putting toppings on his food <end>	000000465945
<start> person holding up an uncooked pizza in a room of people <end>	000000465945
<start> an elephant being lead by an animal trainer <end>	000000465969
<start> an elephant is standing by a man in a red jacket <end>	000000465969
<start> an elephant is walking among a group of people <end>	000000465969
<start> a photo of an elephant at a circus <end>	000000465969
<start> an elephant standing next to people in a circus tent <end>	000000465969
<start> many white birds flying above a river that <unk> in front of a forest <end>	000000465975
<start> a bunch of birds are flying over some water <end>	000000465975
<start> the birds fly out of the rough waters <end>	000000465975
<start> a bunch of white birds are flying over the water <end>	000000465975
<start> white birds diving into the cold rushing water of a river <end>	000000465975
<start> a white open laptop computer sitting on top of a counter <end>	000000466001
<start> the laptop is next to an open filing cabinet <end>	000000466001
<start> a laptop on a table in a room <end>	000000466001
<start> laptop resting on table near file box and window with books <end>	000000466001
<start> a laptop sitting on a counter near <unk> and books <end>	000000466001
<start> an old photo if a young man doing a <unk> <unk> in bed <end>	000000466002
<start> a boy in pajamas laying in bed and reading <end>	000000466002
<start> a old black and white picture of a boy sitting on a bed <end>	000000466002
<start> a man sitting in a bed next to a table <end>	000000466002
<start> old time photo of a young man reading in his bed <end>	000000466002
<start> two girls wearing sunglasses with their cell phones <end>	000000466014
<start> two young women using mobile phones to <unk> <end>	000000466014
<start> two young women relaxing on bed using cell phones <end>	000000466014
<start> two very attractive young ladies laying in bed next to each other <end>	000000466014
<start> two teenage girls laying on a bed talking and texting on their phones <end>	000000466014
<start> large brown teddy bear sitting on pile of miscellaneous items <end>	000000466016
<start> a large stuffed teddy bear sitting on wood <end>	000000466016
<start> a stuffed bear sitting on top of some old furniture <end>	000000466016
<start> a teddy bear sitting atop a stack of frames leaning against a wall <end>	000000466016
<start> a large stuffed light brown bear sits on top of old picture frames on a city street <end>	000000466016
<start> a rear view mirror on the side of a car door <end>	000000466020
<start> a dog looks out of a car window and is seen in a rear view mirror <end>	000000466020
<start> a dog is reflected in a rear view mirror of a car <end>	000000466020
<start> brown dog sticking its head out of a car window <end>	000000466020
<start> side view car mirror with face of brown dog <end>	000000466020
<start> two bears play in water beside a cement wall <end>	000000466024
<start> two bears <unk> in a pool of water <end>	000000466024
<start> two bears are holding on to each other in the middle of water <end>	000000466024
<start> two bears holding each other in water by wall <end>	000000466024
<start> two big brown bears are wrestling in their swimming pool <end>	000000466024
<start> a plate filled with meat and vegetables on a table <end>	000000466035
<start> a plate is piled high with a meat and broccoli <unk> <end>	000000466035
<start> a plate of food with meat vegetables and sauce <end>	000000466035
<start> a plate filled with <unk> looking brocolli and beef <end>	000000466035
<start> a close up of a plate with food on a table <end>	000000466035
<start> baseball player in the outfield intently watching infield action <end>	000000466037
<start> a man at a baseball game is standing on the field with a catcher's mitt <end>	000000466037
<start> there is base ball player on the field playing a game <end>	000000466037
<start> a professional baseball player with mitt in hand from behind <end>	000000466037
<start> a baseball player is standing on the field holding a glove <end>	000000466037
<start> a fire hydrant is sitting on a sidewalk <end>	000000466042
<start> a fire hydrant at a street corner painted yellow and red <end>	000000466042
<start> a yellow and red fire hydrant on a street curb <end>	000000466042
<start> a red and yellow fire hydrant on a street <end>	000000466042
<start> a yellow and red fire hydrant sitting on the side of a street <end>	000000466042
<start> a train parked on the tracks next to a tower and trees <end>	000000466047
<start> the train is going along a curve on the track <end>	000000466047
<start> a toy train engine carrying carts past a wooden building <end>	000000466047
<start> an outdoor setup of a model train with landscaping <end>	000000466047
<start> a train on a track near a building <end>	000000466047
<start> several images of people looking at their luggage <end>	000000466054
<start> various different frames of people that are standing around luggage <end>	000000466054
<start> pictures of multiple people with their luggage at an airport <end>	000000466054
<start> this <unk> shows 6 views of luggage handling in the airport and the use of luggage <unk> <end>	000000466054
<start> a collage of pictures inside of an airport <end>	000000466054
<start> a toilet sitting in a small bathroom next to a shower <end>	000000466058
<start> a toilet is sitting up on a step <end>	000000466058
<start> looking down at a toilet on a raised platform <end>	000000466058
<start> a toilet has a trash can right beside it <end>	000000466058
<start> a toilet located between a shower curtain and a trash can <end>	000000466058
<start> boats are floating in the water near the shore <end>	000000466070
<start> a bunch of boats floating in the water in the ocean <end>	000000466070
<start> a harbor with many small boats beneath a partly cloudy sky <end>	000000466070
<start> a large body of water with lots of boats floating on it <end>	000000466070
<start> very many boats on the ocean moving around <end>	000000466070
<start> professional baseball players are walking around during practice <end>	000000466083
<start> two baseball players walking next to a <unk> net <end>	000000466083
<start> there are several baseball players practicing for a game <end>	000000466083
<start> baseball players with their baseball bats in a stadium <end>	000000466083
<start> two baseball players wearing red and white are near the field with empty stands <end>	000000466083
<start> a boat that is in the sand by the ocean <end>	000000466093
<start> a boat on the beach while a group of people converse <end>	000000466093
<start> an old boat is on the beach by large buildings <end>	000000466093
<start> a <unk> washed up on to the beach with people trying to figure how to get it back in the water <end>	000000466093
<start> a fishing boat is upon the sand at a beach <end>	000000466093
<start> a large giraffe standing on a dry tree filled field <end>	000000466095
<start> a large open field with small bushes and trees and a giraffe standing in the middle of the field <end>	000000466095
<start> a giraffe is standing in the dirt field <end>	000000466095
<start> this picture of a giraffe was taking by someone on a safari <end>	000000466095
<start> a lone giraffe stands in a dirt area near a few sparse trees <end>	000000466095
<start> a tan living room with brown furniture and a girl <end>	000000466097
<start> a woman sitting on top of a brown chair in front of a tv <end>	000000466097
<start> the girl is sitting in one of two identical chairs in front of a television <end>	000000466097
<start> a view of a living room with the tv on in the background <end>	000000466097
<start> a sprawled woman with brown hair looks over the back of a large brown chair <end>	000000466097
<start> a white detailed kitchen is shown with wood flooring <end>	000000466132
<start> a kitchen area with a sink stove and a refrigerator <end>	000000466132
<start> a kitchen with cabinets a stove and a sink <end>	000000466132
<start> an oven refrigerator and sink in a kitchen <end>	000000466132
<start> a kitchen with white cabinets and a black stove <end>	000000466132
<start> monitor with cat under banner and wood table <end>	000000466134
<start> a table with a television and a picture of electrical gadgets <end>	000000466134
<start> a monitor on a side table with a cat in it <end>	000000466134
<start> a computer monitor with a picture of a cat <end>	000000466134
<start> a flat screen television displays a show about cats <end>	000000466134
<start> electronics laid out on a <unk> desk <end>	000000466136
<start> a cluttered desk that includes computers and electronics <end>	000000466136
<start> a messy workspace equipped with two computers and everything else <end>	000000466136
<start> computers and other personal electronics on a cluttered desk <end>	000000466136
<start> a lap top an older computer an older keyboard and other various clutter on brown table <end>	000000466136
<start> a hot dog and a glass of coffee are kept on the table <end>	000000466145
<start> a hot dog sitting on top of a bun near a cup of coffee <end>	000000466145
<start> a hot dog and a cup that is on a table <end>	000000466145
<start> a table that has a long bread roll with two sausages in it and a white styrofoam beverage cup behind it <end>	000000466145
<start> two pieces of sausage on a long hoagie bun with a beverage <end>	000000466145
<start> a clock that is on the side of a wall <end>	000000466153
<start> an illuminated sits in a wall between two arched <unk> <end>	000000466153
<start> a clock mounted to a wall with two arches <end>	000000466153
<start> there is a clock that is on the city wall <end>	000000466153
<start> a clock in the center of an arch <unk> stone walkway <end>	000000466153
<start> a horse with its owner who is opening the gate between them <end>	000000466169
<start> a woman is standing at a gate that holds a horse <end>	000000466169
<start> a woman is at a gate leading to a horse in a pen <end>	000000466169
<start> horse inside of fence with lady entering through gate <end>	000000466169
<start> a person has their hand on the gate next to a horse <end>	000000466169
<start> a white marble table with a white plate and slices of pizza <end>	000000466179
<start> a <unk> bread covered with tomato sauce and cheese <end>	000000466179
<start> a pizza with cheese and spinach on a plate <end>	000000466179
<start> a plate with a cheese pizza cut in slices <end>	000000466179
<start> the small pizza has a lot of sauce but little cheese <end>	000000466179
<start> a cat with some kittens laying on a bed <end>	000000466191
<start> a cat sits in the corner with her litter <end>	000000466191
<start> a group of cats sitting on top of a chair <end>	000000466191
<start> a cat and kittens resting next to each other on a white bedding <end>	000000466191
<start> a couple of cats are sitting on a chair <end>	000000466191
<start> three people looking inside an open oven door <end>	000000466196
<start> people looking inside of a oven with a <unk> <end>	000000466196
<start> some people looking inside a stove with a <unk> <end>	000000466196
<start> three people looking in a stove for food <end>	000000466196
<start> a group of men and women looking inside of a black oven <end>	000000466196
<start> a female dog nurses her puppies on a cloth <end>	000000466197
<start> a mother dog laying in her <unk> nursing her new puppies <end>	000000466197
<start> a light colored dog laying on a blanket and against a cage wall with a litter of puppies nursing <end>	000000466197
<start> a dog lays down as her puppies drink milk <end>	000000466197
<start> a big dog laying over several little dogs <end>	000000466197
<start> a white bull dog hanging out of a car window with a red bandanna around his neck <end>	000000466202
<start> a large dog hanging out the side of a truck window wearing a red bandanna <end>	000000466202
<start> a bulldog hanging out the window of a truck <end>	000000466202
<start> a bulldog hanging out the window of a pickup truck <end>	000000466202
<start> a bulldog with a red bandanna leaning out of a pick up truck <end>	000000466202
<start> a couple of apples that are on some plates <end>	000000466207
<start> a couple of apples and bananas on a table with a vase <end>	000000466207
<start> a couple of apples are on a table <end>	000000466207
<start> fruit lays on top of a broken bowl on a table <end>	000000466207
<start> a small section of a room shows a portion of a window frame and below it a table with two chairs one holding a jacket while on the table rests some large <unk> of glass two apples two bananas and a long vase <end>	000000466207
<start> zebra standing with bowl on dirt in daylight <end>	000000466210
<start> a zebra standing over a metal bowl in a field <end>	000000466210
<start> a zebra is standing in front of a bowl <end>	000000466210
<start> a zebra stands in rocky soil over a black bucket <end>	000000466210
<start> a zebra is standing in <unk> of dirt eating from a bowl <end>	000000466210
<start> a brown and white dog is laying on the beach <end>	000000466217
<start> dog laying in the sand enjoying the sunshine <end>	000000466217
<start> a dog on a beach during a sunny day <end>	000000466217
<start> a brown and white dog is laying on the sand <end>	000000466217
<start> a multi colored dog lying in the sand <end>	000000466217
<start> a group of bikes parked next to each other <end>	000000466218
<start> bicycles are parked against a wall at a train station <end>	000000466218
<start> group of bicycle sitting next to each other next to the building <end>	000000466218
<start> a row of bicycles are parked on a railway platform <end>	000000466218
<start> a group of bikes parked on the street <end>	000000466218
<start> two men are embracing and one of them is holding a cake <end>	000000466223
<start> a couple of people standing over a cake <end>	000000466223
<start> a couple of men that are standing holding a cake <end>	000000466223
<start> two men looking at a birthday cake with a lighted candle <end>	000000466223
<start> two men stand holding a cake with <unk> candle <end>	000000466223
<start> a <unk> bun sandwich with chips and salad <end>	000000466242
<start> the sandwich on the plate has been cut into halves <end>	000000466242
<start> a plate with a sandwich potato chips and some type of salad on it <end>	000000466242
<start> a white plate topped with a cut in half sandwich with chips and salad <end>	000000466242
<start> a vegetable sandwich on a plate with chips and salad peppers <end>	000000466242
<start> a child brushing teeth in a blue sink <end>	000000466243
<start> a boy is holding a tooth brush over the sink <end>	000000466243
<start> a young boy at a sink with the water running and a toothbrush in hand <end>	000000466243
<start> a young boy brushing his teeth in a bathroom sink <end>	000000466243
<start> a young child about to brush his teeth <end>	000000466243
<start> an older male talks on his cell phone while walking down the street <end>	000000466247
<start> a man in old fashioned clothing is walking down the street talking on a cell phone <end>	000000466247
<start> a man in <unk> attire talking on a cellphone <end>	000000466247
<start> man with coat walks down the street while on cell phone <end>	000000466247
<start> a man in a quilt holding a cell phone and walking down a sidewalk <end>	000000466247
<start> a young boy riding on top of a skateboard <end>	000000466260
<start> a young man <unk> a trick on a skate board <end>	000000466260
<start> a shirtless man in shorts riding a skateboard <end>	000000466260
<start> a boy on a skateboard on a city street <end>	000000466260
<start> shirtless boy in the middle of <unk> skateboard turn up maneuver <end>	000000466260
<start> a couple of people standing in a field flying kites <end>	000000466261
<start> a large open area with people flying kites <end>	000000466261
<start> a green field with two people flying colorful kites <end>	000000466261
<start> two large kites in the sky with people in a field <end>	000000466261
<start> two people who are in the grass with kites <end>	000000466261
<start> there is lots of fruit piled into baskets <end>	000000466262
<start> apples arranged in several bushel baskets next to each other <end>	000000466262
<start> several baskets filled with apples in each one <end>	000000466262
<start> a couple of baskets that have fruit in them <end>	000000466262
<start> several buckets full of apples both red and green <end>	000000466262
<start> three zebras eating hay from <unk> inside a barn like structure 
 <end>	000000466265
<start> 3 zebras eating hay inside of a stable <end>	000000466265
<start> three stripped zebras are lined up eating hay <end>	000000466265
<start> a group of zebras at the zoo eating hay <end>	000000466265
<start> zebras are seen eating hay in a large stall <end>	000000466265
<start> a woman holding a controller in order to play a game <end>	000000466267
<start> a young woman standing and playing the wii <end>	000000466267
<start> a girl with a headband using a remote control <end>	000000466267
<start> a woman is shown holding a remote control <end>	000000466267
<start> a woman holding a video game remote in her hand <end>	000000466267
<start> a close up of a tv near a wall <end>	000000466277
<start> an <unk> is delivering a news <unk> on television <end>	000000466277
<start> a man on the news watched on the television <end>	000000466277
<start> a small television with a man on it <end>	000000466277
<start> a close up of a man talking on a news <unk> on a tv monitor <end>	000000466277
<start> people standing by a motorcycle in the mountains <end>	000000466288
<start> three people smiling for the camera beside a bike <end>	000000466288
<start> a group of friends are posing next to bikes <end>	000000466288
<start> a group of people standing around a parked motorcycle <end>	000000466288
<start> three friends are standing next to a motorcycle in winter <end>	000000466288
<start> a traffic signal is on the street beside a building <end>	000000466294
<start> the sky is dim as the sun <unk> positions behind a building <end>	000000466294
<start> a red traffic light on a street at dusk <end>	000000466294
<start> the traffic lights are clearly visible for us to see <end>	000000466294
<start> a traffic light that is signaling to stop <end>	000000466294
<start> british airways plane on tarmac with various machines around it <end>	000000466301
<start> a british airways airliner is sitting on the wet tarmac <end>	000000466301
<start> a large commercial airplane sitting on the runway <end>	000000466301
<start> a red white and blue air plane getting <unk> for flight <end>	000000466301
<start> a blue red and white jet airliner on runway <end>	000000466301
<start> oversized pillows and a decorative pillow top a bed adorned a large wooden headboard <end>	000000466305
<start> a bed with pillows and a wood head board <end>	000000466305
<start> a clean bed with three pillows arranged on it <end>	000000466305
<start> a hotel bed showing some decorative pillows and headboard <end>	000000466305
<start> a bed that has pillows on it with a wooden headboard <end>	000000466305
<start> a small elephant standing underneath a wooden structure <end>	000000466307
<start> a gray elephant is standing in a park enclosure <end>	000000466307
<start> an elephant putting a pile of hay in its mouth with its trunk <end>	000000466307
<start> am elephant eating under some shade in its enclosure <end>	000000466307
<start> an elephant standing eating hay in an enclosure <end>	000000466307
<start> a pizza cutter on a pizza that is missing a slice <end>	000000466321
<start> a pizza cutter sitting next to a pizza in a pizza pan <end>	000000466321
<start> a pizza <unk> resting on top of a pizza that has a slice missing <end>	000000466321
<start> a pizza with black olives and a pizza cutter <end>	000000466321
<start> a pizza sits on a white plate while a pizza cutter sits on top of it <end>	000000466321
<start> some animals that are in the dirt together <end>	000000466352
<start> a pair of zebras in their natural environment <end>	000000466352
<start> two zebras standing next to one another next to a dirt mound and various trees and shrubs in the background <end>	000000466352
<start> there are two zebras standing in a jungle <end>	000000466352
<start> two zebra standing on the dusty plains on a sunny day <end>	000000466352
<start> a living room with two book shelves filled with books <end>	000000466373
<start> a sofa coffee table bookcases and a tv <end>	000000466373
<start> a living room with three book shelves a couch and a tv <end>	000000466373
<start> a living room with a television and couches inside of it <end>	000000466373
<start> a living room with television books futon and cat toys <end>	000000466373
<start> a cake sitting on top of a wooden table next to a cup of coffee <end>	000000466374
<start> cup of coffee next to knife and baked desert item <end>	000000466374
<start> a close up of a cake bowl of sauce and a knife <end>	000000466374
<start> cup of hot chocolate next to an <unk> layer of cake <end>	000000466374
<start> a round cake <unk> and a cup of coffee <end>	000000466374
<start> a banana and other foods on a wooden table <end>	000000466378
<start> a peeled banana and cracked egg shells in a bucket <end>	000000466378
<start> a <unk> can containing egg shells coffee <unk> and banana peels <end>	000000466378
<start> a banana some herbs and cracked eggs in a <unk> sitting on a table <end>	000000466378
<start> a banana and a silver bucket sitting on a wooden table <end>	000000466378
<start> a bicycle parked on a wooden pier next to a body of water <end>	000000466390
<start> a bicycle parked next to a lake on a cement floor <end>	000000466390
<start> a bike is parked on a dock while a boat <unk> buy <end>	000000466390
<start> a bicycle parked on the edge of the water with a barge on the other side <end>	000000466390
<start> a bicycle sits parked in front of a river <end>	000000466390
<start> a man that is jumping in the air with a skateboard <end>	000000466395
<start> someone that is jumping a skateboard in air <end>	000000466395
<start> man performing trick on skateboard down sidewalk of city <end>	000000466395
<start> skateboarder with white shirt and black jeans jumping on his board <end>	000000466395
<start> a man skateboards down a brick road in a city <end>	000000466395
<start> a wood carved chair with two bears on it <end>	000000466396
<start> hand carved wooden chair with bears as the back and under the seat <end>	000000466396
<start> a wooden rocking chair with a bear motif sits unoccupied <end>	000000466396
<start> a rustic wooden chair with bear <unk> on the back and legs <end>	000000466396
<start> a brown chair with a bear carved into the back of it <end>	000000466396
<start> a white sheep on a grassy hill with sky in background <end>	000000466402
<start> a sheep is walking up a green grassy hill <end>	000000466402
<start> a goat is standing on a grassy hill <end>	000000466402
<start> a single ram standing on a grassy hill <end>	000000466402
<start> a lone sheep stands on a grassy hill <end>	000000466402
<start> a street sign on top of a stop sign outdoors <end>	000000466403
<start> the stop sign is in the large city and under the snow covered street sign <end>	000000466403
<start> a picture of a stop sign with tall buildings in the background <end>	000000466403
<start> stop sign on a street corner with snow stuck to the signs <end>	000000466403
<start> a stop sign is lightly <unk> with snow as large buildings <unk> in the background <end>	000000466403
<start> a white wireless keyboard and mouse with the box <end>	000000466406
<start> a new mac keyboard and a computer mouse <end>	000000466406
<start> white keyboard and mouse sitting next to a box <end>	000000466406
<start> a mouse and a <unk> keyboard sitting next to a box <end>	000000466406
<start> a key board with a mouse sitting on top of it <end>	000000466406
<start> an inflatable boat is full of men in life vests <end>	000000466429
<start> a number of people in a raft boat <end>	000000466429
<start> an inflatable boat coming alongside a large ship for boarding <end>	000000466429
<start> a group of people on a boat pulling up next to a larger boat <end>	000000466429
<start> men are in a life raft which is beside a ship <end>	000000466429
<start> vegetable item with information card on grilled surface <end>	000000466430
<start> a plate of broccoli florets with a sign on it <end>	000000466430
<start> a bunch of broccoli florets on a mesh table with a <unk> sign <end>	000000466430
<start> broccoli florets are on a plate on a table <end>	000000466430
<start> a dish of broccoli florets sits on a white outdoor table <end>	000000466430
<start> a couple making faces at a wine tasting bar <end>	000000466432
<start> two adults making funny faces posing for the camera <end>	000000466432
<start> two people one holding a wine glass are posing for the camera <end>	000000466432
<start> a couple of people standing with a wine glass <end>	000000466432
<start> two individuals posing with funny faces one holding up a wine glass <end>	000000466432
<start> a man in a suit and tie standing in a bedroom <end>	000000466445
<start> a man stands next to a bed wearing a gray suit <end>	000000466445
<start> there is an old man posing in a suit <end>	000000466445
<start> a man is in a bedroom in suit and tie <end>	000000466445
<start> a man stands in a suit in a room <end>	000000466445
<start> a couple of men kiteboarding on top of a large body of water <end>	000000466447
<start> two kite surfers and a white boat in some water <end>	000000466447
<start> people in the water holding onto parachutes while riding surfboards <end>	000000466447
<start> people in the water near a boat and the beach <end>	000000466447
<start> the boat is out on the ocean with sails behind it <end>	000000466447
<start> a young boy sitting in a chair holding a nintendo wii game controller <end>	000000466448
<start> a little boy playing with a nintendo wii <end>	000000466448
<start> a young boy sitting on a bed playing a video game <end>	000000466448
<start> a young boy is playing video games on a couch <end>	000000466448
<start> a boy is sitting on a couch holding a game remote <end>	000000466448
<start> a giraffe smelling a fence that is keeping it in <end>	000000466450
<start> a giraffe bending over to <unk> part of the fence <end>	000000466450
<start> a giraffe in a zoo bending over the fence towards where <unk> are grazing <end>	000000466450
<start> a giraffe near a fence with a green field background <end>	000000466450
<start> a giraffe standing next to a fence with its head down <end>	000000466450
<start> a picture of some people around some cars <end>	000000466451
<start> an orange vintage pickup truck at a car show <end>	000000466451
<start> several old cars parked on grass with people milling about <end>	000000466451
<start> people are gathered around vintage cars at a car show <end>	000000466451
<start> a red pick up truck is parked in the middle of a gathering <end>	000000466451
<start> a pizza with several different toppings on a plate <end>	000000466455
<start> two pieces of pepperoni sausage and ham pizza on a plate <end>	000000466455
<start> two slices of pizza are picture on a white and blue plate <end>	000000466455
<start> a plate that has pieces of pizza on it <end>	000000466455
<start> two slices of pizza are sitting on the plate <end>	000000466455
<start> many cows in a field of grass with a person standing near <end>	000000466460
<start> a man is in a field with some cows <end>	000000466460
<start> a man is standing in a field <unk> a cow while it eyes back <end>	000000466460
<start> some cows grazing grass in the middle of a field <end>	000000466460
<start> a man surrounded by cows standing in a field <end>	000000466460
<start> a person and a dog are on the beach <end>	000000466466
<start> a person and a dog are on a beach while waves crash the shore <end>	000000466466
<start> the dog and person are on the beach during the sun rise <end>	000000466466
<start> the person stands on the beach while the dog looks on <end>	000000466466
<start> a woman and a dog standing on top of a beach <end>	000000466466
<start> there is a fishing boat outside of the water on the ground <end>	000000466480
<start> this is a photo of a old boat that is resting on land <end>	000000466480
<start> a large wooden boat sitting on top of a field <end>	000000466480
<start> a boat called <unk> on a grassy bank near a cottage <end>	000000466480
<start> old wooden boat that has run <unk> on land <end>	000000466480
<start> a large amount of boats tied to the docks <end>	000000466484
<start> many boats are docked on a large body of water <end>	000000466484
<start> a group of boats that are sitting in the water <end>	000000466484
<start> a large number of sail boats docked together <end>	000000466484
<start> a large group of sail boats are all at a dock <end>	000000466484
<start> a man laying on a bed bent like a <unk> <end>	000000466491
<start> a young man has sprawled out on a bed with a large wooden headboard <end>	000000466491
<start> a young man sprawled in a <unk> pose on a bed <end>	000000466491
<start> a picture of a man turned in a weird <unk> on a bed <end>	000000466491
<start> a man laying with his <unk> twisted on a bed <end>	000000466491
<start> colorful kites in fun shapes flying in a blue sky <end>	000000466499
<start> a star balloon with a happy face in the sky <end>	000000466499
<start> a cartoon with characters flying across a blue sky <end>	000000466499
<start> several unique kites fly against a blue sky <end>	000000466499
<start> a large star kite in the sky among other smaller kites <end>	000000466499
<start> a baseball player hitting a ball with a bat <end>	000000466505
<start> a baseball player is swinging a bat at a ball <end>	000000466505
<start> a baseball player hitting a baseball at home plate with the catcher behind him <end>	000000466505
<start> this is home plate during a pro baseball game at the moment that umpire catcher and batter are focused on the incoming pitch <end>	000000466505
<start> a baseball player with a bat pointed at an incoming ball <end>	000000466505
<start> a narrow street has shops and a sign with people on it <end>	000000466511
<start> wet pavement outside a grouping of different buildings <end>	000000466511
<start> a sign in a alley near some buildings <end>	000000466511
<start> a narrow road next to a antique store as a street sign <end>	000000466511
<start> a street with various buildings and signage around it <end>	000000466511
<start> the fuzzy owl is sitting on a tree branch <end>	000000466513
<start> a fluffy bird perched on a <unk> branch <end>	000000466513
<start> a close up of a small bird on a branch <end>	000000466513
<start> a small fluffy <unk> bird sitting on a branch outdoors <end>	000000466513
<start> a bird sitting on top of a tree branch <end>	000000466513
<start> a dog chasing a baby cow across a lush green field <end>	000000466514
<start> a calf and a dog are running in a field <end>	000000466514
<start> a dog running towards a cow near a fence <end>	000000466514
<start> a dog is chasing along behind a cow in a field <end>	000000466514
<start> there is a picture of an outside region 
 <end>	000000466514
<start> a woman at a picnic table holds a food item <end>	000000466519
<start> a lady standing by a table with a variety of food laid out <end>	000000466519
<start> a woman preparing food at a camping sight <end>	000000466519
<start> a woman out in the woods having a picnic <end>	000000466519
<start> woman setting food on a table on a <unk> <end>	000000466519
<start> a black and white picture of some old air planes <end>	000000466522
<start> a group of airplanes that are on a runway near the snow <end>	000000466522
<start> some old airplanes are on a snowy narrow runway <end>	000000466522
<start> a group of fighter jets are on the sandy ground <end>	000000466522
<start> four airplanes sitting on a runway in the snow <end>	000000466522
<start> a car with a <unk> attached to it in front of a car with its doors and hood open <end>	000000466523
<start> a row of old style cars with one pulling a silver camper <end>	000000466523
<start> many cars on a city street with buildings near by <end>	000000466523
<start> a red and white station wagon towing a travel trailer <end>	000000466523
<start> two classic cars parked in a lot with one towing a trailer <end>	000000466523
<start> an oven with fire in it and <unk> around it <end>	000000466529
<start> the fire is burning in the wooden stove <end>	000000466529
<start> a large outdoor fire pit <unk> with flames in it <end>	000000466529
<start> a <unk> oven stand open with flames <unk> <end>	000000466529
<start> there is an open flame within a pizza oven <end>	000000466529
<start> a very big group of happy looking people posing together <end>	000000466530
<start> a group of people huddled close together for a picture <end>	000000466530
<start> very many people in the house posing for a photo <end>	000000466530
<start> a group of people posing for a big photo <end>	000000466530
<start> the large group of people are all smiling as they pose together <end>	000000466530
<start> a bunch of bananas that are on a tree <end>	000000466532
<start> several bunches of green and yellow bananas hanging around outside <end>	000000466532
<start> we are looking at a bunch of green bananas <end>	000000466532
<start> a large green bunch of bananas hanging from a hook <end>	000000466532
<start> many bunches of bananas hanging near a tree <end>	000000466532
<start> a city intersection with tall buildings in the background <end>	000000466536
<start> street with large post in middle with clocks on it in an urban area <end>	000000466536
<start> a city street scene with traffic buildings and stop lights <end>	000000466536
<start> a four way intersection with a clock tower in the middle <end>	000000466536
<start> a nearly empty parking lot with an artistic clock in the middle of it <end>	000000466536
<start> a couple of baseball players standing on top of a field <end>	000000466544
<start> umpire <unk> with player at mound during game <end>	000000466544
<start> a baseball player is talking to a coach <end>	000000466544
<start> a player with a bat standing with a big guy on the field <end>	000000466544
<start> person in baseball uniform with baseball bat on a field talking to a man <end>	000000466544
<start> an orange bus parked in front of a church with a tall clock tower <end>	000000466547
<start> a red bus passes by an old church and statue <end>	000000466547
<start> orange bus on a tree lined street in front of a brick building <end>	000000466547
<start> two buses on the street in front of a church with a statue in front of it <end>	000000466547
<start> a red bus at a bus stop near a tower <end>	000000466547
<start> a woman standing in a living room next to a man <end>	000000466549
<start> family in the room playing a game on the wii <end>	000000466549
<start> a family is playing a game on the wii together <end>	000000466549
<start> people are playing a video game with handheld controllers <end>	000000466549
<start> a man and woman are playing wii while kids watch <end>	000000466549
<start> a horse drawn carriage pulling a black buggy with red wheels <end>	000000466557
<start> a large horse carrying a person on a carriage <end>	000000466557
<start> i am unable to see an image above <end>	000000466557
<start> horse drawn carriage on cobblestone road in urban area <end>	000000466557
<start> a horse drawn carriage is walking down the street <end>	000000466557
<start> a living room filled with brown furniture and a tv set <end>	000000466573
<start> this is a living room with loveseat chair fireplace and tv in the corner <end>	000000466573
<start> a living room has a couch chair television and a fireplace <end>	000000466573
<start> a room with couch chair tv coffee table bookshelf and a fireplace <end>	000000466573
<start> a living room with some lights a television set a table and a brown couch <end>	000000466573
<start> a couple of animals grazing on a dry grass field <end>	000000466579
<start> a desert plain with bison grazing and mountains in the background <end>	000000466579
<start> animals move along a deserted plain near a mountain range <end>	000000466579
<start> cattle roam the open plain by the mountains <end>	000000466579
<start> a couple of cows out in the desert <end>	000000466579
<start> a messy computer desk sitting near a window <end>	000000466580
<start> a desk with a computer a seat and a <unk> <end>	000000466580
<start> a desk with a computer monitor printer and cd rack <end>	000000466580
<start> a large work station filled with many items <end>	000000466580
<start> a very cluttered computer desk with a printer <unk> a covered seat <end>	000000466580
<start> a man with a comb in his hair and a pair of scissors <end>	000000466586
<start> there is a man who is getting his <unk> cut <end>	000000466586
<start> a man with a comb in his air getting a haircut <end>	000000466586
<start> a man is at the barber getting his hair cut <end>	000000466586
<start> a man that is getting his hair cut <end>	000000466586
<start> there is a tub and toilet in the bathroom <end>	000000466591
<start> an empty bathroom has a toilet and green paint <end>	000000466591
<start> a toilet a tub a brown wooden floor and a mirror <end>	000000466591
<start> a toilet sits on a wooden floor <end>	000000466591
<start> a bathroom with a toilet mirror and bath tub <end>	000000466591
<start> a cat laying down under a light blue car <end>	000000466597
<start> a cat crouching under a parked blue car <end>	000000466597
<start> a blue car with a cat laying underneath it <end>	000000466597
<start> a cat is standing under a blue vehicles <end>	000000466597
<start> a gray is crouching under a blue car <end>	000000466597
<start> a table covered with various clothes and two carrots constructed from fabric <end>	000000466599
<start> two carrots lay next to a red ribbon <end>	000000466599
<start> a pair of <unk> carrots with a winning ribbon <end>	000000466599
<start> a couple of carrots on a cloth surface <end>	000000466599
<start> two carrots on top of different patterned materials <end>	000000466599
<start> a man is formally dressed while posing for the camera <end>	000000466608
<start> a man wearing glasses standing in a stairway <end>	000000466608
<start> a man in a black suit and tie <end>	000000466608
<start> a man wearing sunglasses is smiling at the bottom of a stairway <end>	000000466608
<start> a man at the bottom of stairs in a station <end>	000000466608
<start> always put enough change in the parking meter <end>	000000466615
<start> a woman in a purple dress a parking meter grass and a car <end>	000000466615
<start> a woman in a dress is putting money in a parking meter <end>	000000466615
<start> a woman in a dress putting money into a parking meter <end>	000000466615
<start> a woman in a purple dress paying a parking meter <end>	000000466615
<start> three trains are beside each other on parallel tracks <end>	000000466621
<start> three train engines parked next to each other in train yard <end>	000000466621
<start> three locomotive trains sitting on train tracks in front of a house <end>	000000466621
<start> three old trains are at the beginning of tracks <end>	000000466621
<start> three trains are lined up on train tracks <end>	000000466621
<start> three jets with tail <unk> flying in the sky <end>	000000466623
<start> four jet airplanes flying in the sky with smoke coming out of the back <end>	000000466623
<start> several jets fly through the air with <unk> <end>	000000466623
<start> the jets are leaving smoke trails in the sky <end>	000000466623
<start> some airplanes that are flying in a tight formation <end>	000000466623
<start> a bathroom sink with a window behind it <end>	000000466624
<start> a sink sits in front of a window and a counter <end>	000000466624
<start> bathroom with pillar and shelf with supplies and window <end>	000000466624
<start> a bathroom with a brick wall and a white sink <end>	000000466624
<start> a green towel that is hanging on a pole in a bathroom <end>	000000466624
<start> a big cookie <unk> that is on a table <end>	000000466627
<start> a bowl full of food and a glass rest on the table <end>	000000466627
<start> milk and a cookie ice cream sandwich on a table <end>	000000466627
<start> the dessert plate includes both cookies and ice cream <end>	000000466627
<start> a desert of ice cream between cookies and a glass of milk <end>	000000466627
<start> a dog is lying on a sidewalk in front of a building <end>	000000466643
<start> a dog laying down next to a building <end>	000000466643
<start> the dog lays down to <unk> his <unk> <end>	000000466643
<start> a dog lays down an licks itself in front of a building <end>	000000466643
<start> a dog that is laying in front of a building <end>	000000466643
<start> a bathroom with a cat walking across the sink <end>	000000466656
<start> a cat walking on a bathroom counter near the sink <end>	000000466656
<start> cat standing on sink edge in decorated residential bathroom <end>	000000466656
<start> there is cat standing on a sink looking at the faucet <end>	000000466656
<start> a cat standing on top of a bathroom sink <end>	000000466656
<start> people are riding in canoes on the lake <end>	000000466662
<start> a couple people are rowing on a lake <end>	000000466662
<start> a large body of water in front of a mountain <end>	000000466662
<start> some people who are <unk> on a body of water <end>	000000466662
<start> a group of people <unk> in a body of water on an overcast day <end>	000000466662
<start> a group of various traveling objects on a wooden floor <end>	000000466664
N o n e	000000465269
N o n e	000000465285
N o n e	000000465294
N o n e	000000465301
N o n e	000000465302
N o n e	000000465309
N o n e	000000465321
N o n e	000000465333
N o n e	000000465335
N o n e	000000465347
N o n e	000000465351
N o n e	000000465353
N o n e	000000465354
N o n e	000000465359
N o n e	000000465360
N o n e	000000465369
N o n e	000000465374
N o n e	000000465375
N o n e	000000465395
N o n e	000000465407
N o n e	000000465412
N o n e	000000465414
N o n e	000000465416
N o n e	000000465441
N o n e	000000465457
N o n e	000000465465
N o n e	000000465466
N o n e	000000465467
N o n e	000000465468
N o n e	000000465476
N o n e	000000465478
N o n e	000000465495
N o n e	000000465507
N o n e	000000465508
N o n e	000000465524
N o n e	000000465529
N o n e	000000465530
N o n e	000000465554
N o n e	000000465559
N o n e	000000465575
N o n e	000000465579
N o n e	000000465595
N o n e	000000465603
N o n e	000000465605
N o n e	000000465610
N o n e	000000465613
N o n e	000000465618
N o n e	000000465625
N o n e	000000465638
N o n e	000000465647
N o n e	000000465670
N o n e	000000465676
N o n e	000000465677
N o n e	000000465683
N o n e	000000465693
N o n e	000000465695
N o n e	000000465697
N o n e	000000465701
N o n e	000000465702
N o n e	000000465723
N o n e	000000465734
N o n e	000000465740
N o n e	000000465744
N o n e	000000465759
N o n e	000000465765
N o n e	000000465776
N o n e	000000465779
N o n e	000000465780
N o n e	000000465784
N o n e	000000465786
N o n e	000000465813
N o n e	000000465814
N o n e	000000465819
N o n e	000000465824
N o n e	000000465825
N o n e	000000465826
N o n e	000000465829
N o n e	000000465838
N o n e	000000465844
N o n e	000000465853
N o n e	000000465854
N o n e	000000465855
N o n e	000000465856
N o n e	000000465859
N o n e	000000465874
N o n e	000000465892
N o n e	000000465906
N o n e	000000465922
N o n e	000000465926
N o n e	000000465936
N o n e	000000465940
N o n e	000000465941
N o n e	000000465942
N o n e	000000465945
N o n e	000000465969
N o n e	000000465975
N o n e	000000466001
N o n e	000000466002
N o n e	000000466014
N o n e	000000466016
N o n e	000000466020
N o n e	000000466024
N o n e	000000466035
N o n e	000000466037
N o n e	000000466042
N o n e	000000466047
N o n e	000000466054
N o n e	000000466058
N o n e	000000466070
N o n e	000000466083
N o n e	000000466093
N o n e	000000466095
N o n e	000000466097
N o n e	000000466132
N o n e	000000466134
N o n e	000000466136
N o n e	000000466145
N o n e	000000466153
N o n e	000000466169
N o n e	000000466179
N o n e	000000466191
N o n e	000000466196
N o n e	000000466197
N o n e	000000466202
N o n e	000000466207
N o n e	000000466210
N o n e	000000466217
N o n e	000000466218
N o n e	000000466223
N o n e	000000466242
N o n e	000000466243
N o n e	000000466247
N o n e	000000466260
N o n e	000000466261
N o n e	000000466262
N o n e	000000466265
N o n e	000000466267
N o n e	000000466277
N o n e	000000466288
N o n e	000000466294
N o n e	000000466301
N o n e	000000466305
N o n e	000000466307
N o n e	000000466321
N o n e	000000466352
N o n e	000000466373
N o n e	000000466374
N o n e	000000466378
N o n e	000000466390
N o n e	000000466395
N o n e	000000466396
N o n e	000000466402
N o n e	000000466403
N o n e	000000466406
N o n e	000000466429
N o n e	000000466430
N o n e	000000466432
N o n e	000000466445
N o n e	000000466447
N o n e	000000466448
N o n e	000000466450
N o n e	000000466451
N o n e	000000466455
N o n e	000000466460
N o n e	000000466466
N o n e	000000466480
N o n e	000000466484
N o n e	000000466491
N o n e	000000466499
N o n e	000000466505
N o n e	000000466511
N o n e	000000466513
N o n e	000000466514
N o n e	000000466519
N o n e	000000466522
N o n e	000000466523
N o n e	000000466529
N o n e	000000466530
N o n e	000000466532
N o n e	000000466536
N o n e	000000466544
N o n e	000000466547
N o n e	000000466549
N o n e	000000466557
N o n e	000000466573
N o n e	000000466579
N o n e	000000466580
N o n e	000000466586
N o n e	000000466591
N o n e	000000466597
N o n e	000000466599
N o n e	000000466608
N o n e	000000466615
N o n e	000000466621
N o n e	000000466623
N o n e	000000466624
N o n e	000000466627
N o n e	000000466643
N o n e	000000466656
N o n e	000000466662
